FULLNAME,PREDIRECTION,PROPERNAME,ABBREVIATION,POSTDIRECTION
"OAK ST",,"OAK","ST",
"S OAK ST","S","OAK","ST",
"MAIN ST",,"MAIN","ST",
"NW MAIN ST","NW","MAIN","ST",
"CENTRAL ST",,"CENTRAL","ST",
"W CENTRAL ST","W","CENTRAL","ST",
"FRANKLIN ST",,"FRANKLIN","ST",
"BROADWAY",,"BROADWAY",,
"S MAIN ST","S","MAIN","ST",
"ELM ST",,"ELM","ST",
"BROADWAY AVE",,"BROADWAY","AVE",
"MECHANIC ST",,"MECHANIC","ST",
"EVANGEL WAY",,"EVANGEL","WAY",
"BRIDGE ST",,"BRIDGE","ST",
"MILES LN",,"MILES","LN",
"SCHOOL ST",,"SCHOOL","ST",
"FEDERAL ST N",,"FEDERAL","ST","N"
"FEDERAL ST",,"FEDERAL","ST",
"LEACH ST",,"LEACH","ST",
"PINE ST",,"PINE","ST",
"SUMMER ST",,"SUMMER","ST",
"POND ST",,"POND","ST",
"BRAUN PLACE",,"BRAUN PLACE",,
"BUCKLEY LN",,"BUCKLEY","LN",
"E MAIN ST","E","MAIN","ST",
"SCHOOL LN",,"SCHOOL","LN",
"MAIN RD N",,"MAIN","RD","N"
"OLD COUNTY RD",,"OLD COUNTY","RD",
"HAMEL AVE",,"HAMEL","AVE",
"SUNRISE LN",,"SUNRISE","LN",
"CHARLES ST",,"CHARLES","ST",
"DAISEY LN",,"DAISEY","LN",
"HORSESHOE LN",,"HORSESHOE","LN",
"MOUNTAIN VIEW DR",,"MOUNTAIN VIEW","DR",
"STONEYBROOK RD",,"STONEYBROOK","RD",
"MARION DR",,"MARION","DR",
"PERRY RD",,"PERRY","RD",
"BUCK ST",,"BUCK","ST",
"CARVER RD",,"CARVER","RD",
"CHICKADEE LN",,"CHICKADEE","LN",
"RIVERVIEW RD",,"RIVERVIEW","RD",
"FRANCES DR",,"FRANCES","DR",
"WHEELDEN HTS",,"WHEELDEN","HTS",
"MURPHY LN",,"MURPHY","LN",
"PATTERSON ST",,"PATTERSON","ST",
"GEORGE ST",,"GEORGE","ST",
"NERN AVE",,"NERN","AVE",
"SOPHIE LN",,"SOPHIE","LN",
"WILLIAMS ST",,"WILLIAMS","ST",
"TRIANGLE RD",,"TRIANGLE","RD",
"CARRIAGE LN",,"CARRIAGE","LN",
"FOREST HL",,"FOREST","HL",
"SUNSET AVE",,"SUNSET","AVE",
"MECAW RD",,"MECAW","RD",
"TARGET",,"TARGET",,
"ODLIN RD",,"ODLIN","RD",
"HAMMOND ST",,"HAMMOND","ST",
"BOUTELLE RD",,"BOUTELLE","RD",
"FREEDOM PKWY",,"FREEDOM","PKWY",
"NORWAY RD",,"NORWAY","RD",
"ROYAL RD",,"ROYAL","RD",
"A HAMMOND ST",,"A HAMMOND","ST",
"FREEDOM PARK",,"FREEDOM","PARK",
"SILVER RD",,"SILVER","RD",
"GRAHAM AVE N",,"GRAHAM","AVE","N"
"CORPORATE DR",,"CORPORATE","DR",
"DR",,,"DR",
"LIBERTY DR NE",,"LIBERTY","DR","NE"
"LIBERTY DR",,"LIBERTY","DR",
"PIER ST",,"PIER","ST",
"BOUTELLE RD NW",,"BOUTELLE","RD","NW"
"CONCORD DR",,"CONCORD","DR",
"DOWD RD",,"DOWD","RD",
"DOWD ST",,"DOWD","ST",
"N HILDRETH ST","N","HILDRETH","ST",
"MILK ST",,"MILK","ST",
"HILDRETH ST",,"HILDRETH","ST",
"BENNETT ST",,"BENNETT","ST",
"COFFEY ST",,"COFFEY","ST",
"A DOWD RD",,"A DOWD","RD",
"TARGET CIR",,"TARGET","CIR",
"B DOWD RD",,"B DOWD","RD",
"INDIANA AVE",,"INDIANA","AVE",
"C DOWD RD",,"C DOWD","RD",
"RICE ST",,"RICE","ST",
"FAIRMOUNT PARK E",,"FAIRMOUNT","PARK","E"
"FAIRMOUNT PARK W",,"FAIRMOUNT","PARK","W"
"BOWDOIN ST",,"BOWDOIN","ST",
"MAINE AVE",,"MAINE","AVE",
"N BANGOR","N","BANGOR",,
"WEBSTER AVE",,"WEBSTER","AVE",
"ODLIN RD A",,"ODLIN RD A",,
"LEXINGTON DR",,"LEXINGTON","DR",
"WHITE PINE RD",,"WHITE PINE","RD",
"SEVENTH ST",,"SEVENTH","ST",
"HILDRETH ST N",,"HILDRETH","ST","N"
"W",,"W",,
"MEMORY LN",,"MEMORY","LN",
"BANGOR",,"BANGOR",,
"LEXINGTON ST",,"LEXINGTON","ST",
"HARTHORN AVE",,"HARTHORN","AVE",
"MOUNTAIN VIEW AVE",,"MOUNTAIN VIEW","AVE",
"NEW YORK ST",,"NEW YORK","ST",
"FAIRWAYS",,"FAIRWAYS",,
"MOUNTAINVIEW AVE",,"MOUNTAINVIEW","AVE",
"CRESTMONT RD",,"CRESTMONT","RD",
"VERNON ST",,"VERNON","ST",
"ST",,,"ST",
"CARVER ST",,"CARVER","ST",
"MUNROE ST",,"MUNROE","ST",
"HAROLD BOUCHARD WAY",,"HAROLD BOUCHARD","WAY",
"WING ST",,"WING","ST",
"BOWDOIN PL",,"BOWDOIN","PL",
"SAVAGE ST",,"SAVAGE","ST",
"LINCOLN ST",,"LINCOLN","ST",
"HAYWARD ST",,"HAYWARD","ST",
"HAMMOND ST EXT",,"HAMMOND ST","EXT",
"DOANE ST",,"DOANE","ST",
"LOGISTICS LN",,"LOGISTICS","LN",
"BANAIR RD",,"BANAIR","RD",
"WEST ST",,"WEST","ST",
"DAVE",,"DAVE",,
"PENOBSCOT MEADOW DR",,"PENOBSCOT MEADOW","DR",
"MACK LN",,"MACK","LN",
"ELAINE DR",,"ELAINE","DR",
"EAST ST",,"EAST","ST",
"WEST",,"WEST",,
"COLDBROOK RD",,"COLDBROOK","RD",
"FIFTH ST",,"FIFTH","ST",
"FIRST ST",,"FIRST","ST",
"CEDAR ST",,"CEDAR","ST",
"UNION ST",,"UNION","ST",
"THIRD ST",,"THIRD","ST",
"CLINTON ST",,"CLINTON","ST",
"BARKER ST",,"BARKER","ST",
"FOURTH ST",,"FOURTH","ST",
"HAYES ST",,"HAYES","ST",
"SIXTH ST S",,"SIXTH","ST","S"
"SANFORD ST",,"SANFORD","ST",
"CARROLL ST",,"CARROLL","ST",
"TEXAS AVE",,"TEXAS","AVE",
"HAYES ST CHP",,"HAYES ST CHP",,
"PLAISTED ST",,"PLAISTED","ST",
"SECOND ST",,"SECOND","ST",
"A UNION ST",,"A UNION","ST",
"CLEVELAND ST",,"CLEVELAND","ST",
"LARKIN ST",,"LARKIN","ST",
"UN",,,"UN",
"N WEBSTER AVE","N","WEBSTER","AVE",
"VENTURE WAY",,"VENTURE","WAY",
"AIRFIELD",,"AIRFIELD",,
"MAINE ARMY NAT",,"MAINE ARMY NAT",,
"PATTEN ST",,"PATTEN","ST",
"SIDNEY ST",,"SIDNEY","ST",
"DAVIS CT",,"DAVIS","CT",
"HEWEY ST",,"HEWEY","ST",
"VINE ST",,"VINE","ST",
"PARKER ST",,"PARKER","ST",
"WARREN ST",,"WARREN","ST",
"SIXTH ST",,"SIXTH","ST",
"WALTER ST",,"WALTER","ST",
"BRYANT ST",,"BRYANT","ST",
"WOODBURY ST",,"WOODBURY","ST",
"HERSEY AVE",,"HERSEY","AVE",
"DEAN ST",,"DEAN","ST",
"PERKINS ST",,"PERKINS","ST",
"WILLIAM ST",,"WILLIAM","ST",
"WEBSTER AVE N",,"WEBSTER","AVE","N"
"ELIZABETH AVE",,"ELIZABETH","AVE",
"HAMMOND ST B",,"HAMMOND ST B",,
"MCLAUGHLIN ST",,"MCLAUGHLIN","ST",
"WYOMING AVE",,"WYOMING","AVE",
"OHIO ST",,"OHIO","ST",
"UNION STFEMALE",,"UNION STFEMALE",,
"UNION STMALE",,"UNION STMALE",,
"UNION STRECREATION",,"UNION STRECREATION",,
"UNION STDOW LN",,"UNION STDOW","LN",
"UNION STUNION",,"UNION STUNION",,
"UNION STUNION ST",,"UNION STUNION","ST",
"GRIFFIN RD",,"GRIFFIN","RD",
"TH ST",,"TH","ST",
"LONGRALE",,"LONGRALE",,
"THIRTEENTH ST",,"THIRTEENTH","ST",
"LANGLEY ST",,"LANGLEY","ST",
"SIXTEENTH ST",,"SIXTEENTH","ST",
"HUDSON ST",,"HUDSON","ST",
"BLUE HL W",,"BLUE","HL","W"
"FIFTEENTH ST",,"FIFTEENTH","ST",
"WOOD ST",,"WOOD","ST",
"JAMES ST",,"JAMES","ST",
"DUNNING BLVD",,"DUNNING","BLVD",
"VERMONT AVE",,"VERMONT","AVE",
"STREETSAWYER",,"STREETSAWYER",,
"TELCOM DR",,"TELCOM","DR",
"MAIN AVE",,"MAIN","AVE",
"GODFREY BLVD",,"GODFREY","BLVD",
"ILLINOIS AVE",,"ILLINOIS","AVE",
"WYOMING AVE C",,"WYOMING AVE C",,
"FLORIDA AVE",,"FLORIDA","AVE",
"POLK ST",,"POLK","ST",
"ASHLEY ST",,"ASHLEY","ST",
"GODFREY BLVD B",,"GODFREY BLVD B",,
"ALLEN ST",,"ALLEN","ST",
"HANNIBAL ST",,"HANNIBAL","ST",
"FOURTEENTH ST",,"FOURTEENTH","ST",
"FAIRFAX ST",,"FAIRFAX","ST",
"SUNSET MDWS",,"SUNSET","MDWS",
"DODGE ST",,"DODGE","ST",
"ARMINTA ST",,"ARMINTA","ST",
"MANNERS AVE",,"MANNERS","AVE",
"RANDOLPH DR",,"RANDOLPH","DR",
"BOYNTON ST",,"BOYNTON","ST",
"WILEY ST",,"WILEY","ST",
"BEECHER PARK",,"BEECHER","PARK",
"JACKSON ST",,"JACKSON","ST",
"KINEO ST",,"KINEO","ST",
"COTTAGE ST",,"COTTAGE","ST",
"HIGHLAND AVE",,"HIGHLAND","AVE",
"FOWLE RD",,"FOWLE","RD",
"HIGHLAND CT",,"HIGHLAND","CT",
"THOMAS HILL RD",,"THOMAS HILL","RD",
"KOSSUTH ST",,"KOSSUTH","ST",
"CHATHAM ST",,"CHATHAM","ST",
"SEVENTEENTH ST",,"SEVENTEENTH","ST",
"SMITH ST AVE",,"SMITH ST","AVE",
"BAILEY ST",,"BAILEY","ST",
"KINEO ST POOL",,"KINEO ST POOL",,
"EIGHTEENTH ST",,"EIGHTEENTH","ST",
"RUTLAND ST",,"RUTLAND","ST",
"EDDYWAY ST",,"EDDYWAY","ST",
"KATAHDIN ST",,"KATAHDIN","ST",
"RALPH ST",,"RALPH","ST",
"RUSSELL ST",,"RUSSELL","ST",
"MARAN ST",,"MARAN","ST",
"BEAN ESTS",,"BEAN","ESTS",
"MAXWELL LN",,"MAXWELL","LN",
"RANDOLPH ST",,"RANDOLPH","ST",
"EVERETT ST",,"EVERETT","ST",
"GRACE CT",,"GRACE","CT",
"TOWER RD",,"TOWER","RD",
"BROOKLINE AVE",,"BROOKLINE","AVE",
"DEXTER ST",,"DEXTER","ST",
"SMITH ST",,"SMITH","ST",
"LANE ST",,"LANE","ST",
"HOLLAND ST",,"HOLLAND","ST",
"TYLER AVE",,"TYLER","AVE",
"EXCHANGE ST",,"EXCHANGE","ST",
"DIVISION ST",,"DIVISION","ST",
"KENDUSKEAG AVE",,"KENDUSKEAG","AVE",
"PENOBSCOT ST",,"PENOBSCOT","ST",
"PARK ST",,"PARK","ST",
"CENTER ST",,"CENTER","ST",
"HIGH ST",,"HIGH","ST",
"N HIGH ST","N","HIGH","ST",
"COURT ST",,"COURT","ST",
"BROAD ST",,"BROAD","ST",
"FARM RD",,"FARM","RD",
"COLUMBIA ST",,"COLUMBIA","ST",
"W MARKET SQ","W","MARKET","SQ",
"BOWER ST",,"BOWER","ST",
"SPRING ST",,"SPRING","ST",
"WASHINGTON ST",,"WASHINGTON","ST",
"THATCHER ST",,"THATCHER","ST",
"PLEASANT ST",,"PLEASANT","ST",
"STATE ST",,"STATE","ST",
"FRENCH ST",,"FRENCH","ST",
"SOMERSET ST",,"SOMERSET","ST",
"HARLOW ST",,"HARLOW","ST",
"MAIN ST BOILER",,"MAIN ST BOILER",,
"FRONT ST",,"FRONT","ST",
"A BROADWAY",,"A BROADWAY",,
"HARLOW ST SUITE",,"HARLOW ST SUITE",,
"DUTTON ST",,"DUTTON","ST",
"BASS PARK BLVD",,"BASS PARK","BLVD",
"CUMBERLAND ST",,"CUMBERLAND","ST",
"GARLAND ST",,"GARLAND","ST",
"MAY ST",,"MAY","ST",
"D HARLOW ST",,"D HARLOW","ST",
"A HARLOW ST",,"A HARLOW","ST",
"GODSOE RD",,"GODSOE","RD",
"MERCHANTS PLZ",,"MERCHANTS","PLZ",
"MARKET ST",,"MARKET","ST",
"CATELL ST",,"CATELL","ST",
"CUMBERLAND PLACE",,"CUMBERLAND PLACE",,
"MAIN",,"MAIN",,
"A EVERETT ST",,"A EVERETT","ST",
"HAMLIN WAY",,"HAMLIN","WAY",
"RAILROAD ST",,"RAILROAD","ST",
"LEE ST",,"LEE","ST",
"NELSON ST",,"NELSON","ST",
"MAIN ST S",,"MAIN","ST","S"
"UNION PLZ",,"UNION","PLZ",
"DILLINGHAM ST",,"DILLINGHAM","ST",
"BEAN CT",,"BEAN","CT",
"CURVE ST",,"CURVE","ST",
"RAILROAD ST MAIN ST",,"RAILROAD ST MAIN","ST",
"RAILROAD ST LAWN",,"RAILROAD ST LAWN",,
"MARCH ST",,"MARCH","ST",
"NORFOLK ST",,"NORFOLK","ST",
"GLENWOOD DR",,"GLENWOOD","DR",
"LEIGHTON ST",,"LEIGHTON","ST",
"JEFFERSON ST",,"JEFFERSON","ST",
"HUSSON AVE",,"HUSSON","AVE",
"B BROADWAY",,"B BROADWAY",,
"MCKINLEY ST",,"MCKINLEY","ST",
"MADISON ST",,"MADISON","ST",
"BLACKSTONE ST",,"BLACKSTONE","ST",
"POPLAR ST",,"POPLAR","ST",
"CONGRESS ST",,"CONGRESS","ST",
"FALVEY ST",,"FALVEY","ST",
"MONTGOMERY ST",,"MONTGOMERY","ST",
"A JEFFERSON ST",,"A JEFFERSON","ST",
"B JEFFERSON ST",,"B JEFFERSON","ST",
"B NORFOLK ST",,"B NORFOLK","ST",
"N PARK ST","N","PARK","ST",
"SOUTH PARK ST",,"SOUTH PARK","ST",
"GRANDVIEW AVE",,"GRANDVIEW","AVE",
"FOUNTAIN ST",,"FOUNTAIN","ST",
"NICOLE CIR",,"NICOLE","CIR",
"B VALLEY VIEW LN",,"B VALLEY VIEW","LN",
"C VALLEY VIEW LN",,"C VALLEY VIEW","LN",
"A VALLEY VIEW LN",,"A VALLEY VIEW","LN",
"D VALLEY VIEW LN",,"D VALLEY VIEW","LN",
"VALLEY VIEW LN",,"VALLEY VIEW","LN",
"A GLENWOOD DR",,"A GLENWOOD","DR",
"D GLENWOOD DR",,"D GLENWOOD","DR",
"B GLENWOOD DR",,"B GLENWOOD","DR",
"C GLENWOOD DR",,"C GLENWOOD","DR",
"COLLEGE CIRCLE DICKERMAN",,"COLLEGE CIRCLE DICKERMAN",,
"A BROADWAYBRDWAY",,"A BROADWAYBRDWAY",,
"LINDEN ST",,"LINDEN","ST",
"BALSAM DR",,"BALSAM","DR",
"SHADY LN",,"SHADY","LN",
"PACKARD DR",,"PACKARD","DR",
"BURLEIGH RD",,"BURLEIGH","RD",
"JUDSON BLVD",,"JUDSON","BLVD",
"WOODLAND DR",,"WOODLAND","DR",
"BALSAM RD",,"BALSAM","RD",
"LASALLE DR",,"LASALLE","DR",
"HILLVIEW DR",,"HILLVIEW","DR",
"MILTON PLACE",,"MILTON PLACE",,
"PERUVIAN WAY",,"PERUVIAN","WAY",
"CYR DR",,"CYR","DR",
"FIELDSTONE DR",,"FIELDSTONE","DR",
"CLYDE RD",,"CLYDE","RD",
"NOWELL RD",,"NOWELL","RD",
"GRANT ST",,"GRANT","ST",
"WARWICK ST",,"WARWICK","ST",
"PLEASANT VIEW AVE",,"PLEASANT VIEW","AVE",
"LEMIST ST",,"LEMIST","ST",
"COLLEGE CIRCLE CARLISLE",,"COLLEGE CIRCLE CARLISLE",,
"COLLEGE CIRCLE BELL",,"COLLEGE CIRCLE BELL",,
"COLLEGE CIRCLE HART",,"COLLEGE CIRCLE HART",,
"EARLE AVE",,"EARLE","AVE",
"PRINCETON ST",,"PRINCETON","ST",
"WWOOD RD",,"WWOOD","RD",
"COLLEGE CIR",,"COLLEGE","CIR",
"VALLEY AVE",,"VALLEY","AVE",
"CORTLAND CIR",,"CORTLAND","CIR",
"NASH ST",,"NASH","ST",
"NAYLOR ST",,"NAYLOR","ST",
"ROGER ST",,"ROGER","ST",
"BROADWAY BUILDING",,"BROADWAY BUILDING",,
"JOWETT ST",,"JOWETT","ST",
"SHERMAN AVE",,"SHERMAN","AVE",
"THORNTON RD",,"THORNTON","RD",
"SUNBURY AVE",,"SUNBURY","AVE",
"SUMAC PL",,"SUMAC","PL",
"BROADWAY MAN",,"BROADWAY MAN",,
"KAGAN DR",,"KAGAN","DR",
"ROSE CT",,"ROSE","CT",
"KNOX AVE",,"KNOX","AVE",
"CASTLE HILL DR",,"CASTLE HILL","DR",
"BLANCHARD ST",,"BLANCHARD","ST",
"BROADWAY BACK",,"BROADWAY BACK",,
"BREWSTER ST",,"BREWSTER","ST",
"S PARK ST","S","PARK","ST",
"BRUCE RD",,"BRUCE","RD",
"HILLSIDE AVE",,"HILLSIDE","AVE",
"HEATHER RD",,"HEATHER","RD",
"BRIGHTON AVE",,"BRIGHTON","AVE",
"LAUREL CIR",,"LAUREL","CIR",
"PHILIP ST",,"PHILIP","ST",
"GROVE ST",,"GROVE","ST",
"ESSEX ST",,"ESSEX","ST",
"MILFORD ST EXT",,"MILFORD ST","EXT",
"STILL AVE",,"STILL","AVE",
"FOREST AVE",,"FOREST","AVE",
"HANCOCK ST",,"HANCOCK","ST",
"PALM ST",,"PALM","ST",
"YORK ST",,"YORK","ST",
"MOUNT HOPE AVE",,"MOUNT HOPE","AVE",
"MILFORD ST",,"MILFORD","ST",
"BROWN ST",,"BROWN","ST",
"BOYD ST",,"BOYD","ST",
"ADAMS ST",,"ADAMS","ST",
"HANCOCK ST NASON PARK",,"HANCOCK ST NASON","PARK",
"DARLING PARKE DR",,"DARLING PARKE","DR",
"E BROADWAY EXT","E","BROADWAY","EXT",
"WOODVIEW DR",,"WOODVIEW","DR",
"WHISPER DR",,"WHISPER","DR",
"DEWITT AVE",,"DEWITT","AVE",
"N FRENCH ST","N","FRENCH","ST",
"LANCASTER AVE",,"LANCASTER","AVE",
"CLARK AVE",,"CLARK","AVE",
"HERITAGE LN",,"HERITAGE","LN",
"ALDEN ST",,"ALDEN","ST",
"MT HOPE AVE",,"MT HOPE","AVE",
"WILDWOOD DR",,"WILDWOOD","DR",
"FIREFLY LN",,"FIREFLY","LN",
"YALE ST",,"YALE","ST",
"ASPEN ST",,"ASPEN","ST",
"HEMLOCK ST",,"HEMLOCK","ST",
"E SUMMER ST","E","SUMMER","ST",
"NEWBURY ST",,"NEWBURY","ST",
"MERRIMAC ST",,"MERRIMAC","ST",
"MAPLE ST",,"MAPLE","ST",
"B MAPLE ST",,"B MAPLE","ST",
"BIRCH ST",,"BIRCH","ST",
"STATE ST METER",,"STATE ST METER",,
"FERN ST",,"FERN","ST",
"COOMBS ST",,"COOMBS","ST",
"PEARL ST",,"PEARL","ST",
"PARKVIEW AVE",,"PARKVIEW","AVE",
"MT",,,"MT",
"SUMMIT AVE",,"SUMMIT","AVE",
"BELLEVUE AVE",,"BELLEVUE","AVE",
"FRUIT ST",,"FRUIT","ST",
"SPRUCE ST",,"SPRUCE","ST",
"BIRCH",,"BIRCH",,
"A MAPLE ST",,"A MAPLE","ST",
"HARVARD ST",,"HARVARD","ST",
"JUNIPER ST",,"JUNIPER","ST",
"BATES ST",,"BATES","ST",
"DARTMOUTH ST",,"DARTMOUTH","ST",
"OTIS ST",,"OTIS","ST",
"FRUIT ST TRLR",,"FRUIT ST","TRLR",
"SALEM CT",,"SALEM","CT",
"HOWARD ST",,"HOWARD","ST",
"ROLLING MEADOW DR",,"ROLLING MEADOW","DR",
"LONGVIEW DR",,"LONGVIEW","DR",
"BANGOR MALL BLVD",,"BANGOR MALL","BLVD",
"KATHRYN LN",,"KATHRYN","LN",
"HOWARD ST UNIT",,"HOWARD ST UNIT",,
"HOGAN RD",,"HOGAN","RD",
"HOGAN ROADSTORAGE",,"HOGAN ROADSTORAGE",,
"GILMAN ST",,"GILMAN","ST",
"ROLLING MEADOWS DR",,"ROLLING MEADOWS","DR",
"HASKELL RD",,"HASKELL","RD",
"W HOGAN RD","W","HOGAN","RD",
"STILL AVE STE A",,"STILL AVE STE A",,
"STILL AVE STE B",,"STILL AVE STE B",,
"STILL AVE STE C",,"STILL AVE STE C",,
"KIRA DR",,"KIRA","DR",
"SPRINGER DR",,"SPRINGER","DR",
"CAMDEN CT",,"CAMDEN","CT",
"RIDGEWOOD DR",,"RIDGEWOOD","DR",
"STILL AVE SUITE D",,"STILL AVE SUITE D",,
"STILL AVE SUITE C",,"STILL AVE SUITE C",,
"STILL AVE SUITE A",,"STILL AVE SUITE A",,
"STATE HOSPITAL DR",,"STATE HOSPITAL","DR",
"VIRGINIA LN",,"VIRGINIA","LN",
"HOGAN ROAD POOL",,"HOGAN ROAD POOL",,
"VANCE AVE",,"VANCE","AVE",
"STATE STREET LDG",,"STATE STREET","LDG",
"SYLVAN RD",,"SYLVAN","RD",
"HOGAN RD PAINT BOOTH",,"HOGAN RD PAINT BOOTH",,
"HOGAN RDBANGOR FIRE",,"HOGAN RDBANGOR FIRE",,
"PRIMROSE PLACE",,"PRIMROSE PLACE",,
"GILMAN RD",,"GILMAN","RD",
"STILL AVE VILLA VILLA",,"STILL AVE VILLA VILLA",,
"ROLLING MEADOW DRIVE LOT",,"ROLLING MEADOW DRIVE LOT",,
"HOGAN RD EXT",,"HOGAN RD","EXT",
"STILL AVE B",,"STILL AVE B",,
"ROLLING MDW",,"ROLLING","MDW",
"N SYLVAN RD","N","SYLVAN","RD",
"SYLVAN ROAD MIGHIGH LAB",,"SYLVAN ROAD MIGHIGH LAB",,
"BANGOR MALL BLVD E",,"BANGOR MALL","BLVD","E"
"C STILL AVE",,"C STILL","AVE",
"B STATE ST",,"B STATE","ST",
"A STATE ST",,"A STATE","ST",
"ROAD RD",,"ROAD","RD",
"HOGAN RDPENOBSCOT HALL",,"HOGAN RDPENOBSCOT HALL",,
"HOGAN RDTEMP",,"HOGAN RDTEMP",,
"HOGAN ROADENERGY",,"HOGAN ROADENERGY",,
"HOGAN ROADGARAGE",,"HOGAN ROADGARAGE",,
"BENTLEY LN",,"BENTLEY","LN",
"STILL AVE  B",,"STILL AVE  B",,
"BRENTWOOD AVE",,"BRENTWOOD","AVE",
"HEMPSTEAD AVE",,"HEMPSTEAD","AVE",
"SARATOGA AVE",,"SARATOGA","AVE",
"JENNIFER LN",,"JENNIFER","LN",
"MOLLY LN",,"MOLLY","LN",
"DREW LN",,"DREW","LN",
"GLENCOVE AVE",,"GLENCOVE","AVE",
"SHANNON DR",,"SHANNON","DR",
"HOGAN RD WOOD",,"HOGAN RD WOOD",,
"STILL AVE DAY TREATMENT",,"STILL AVE DAY TREATMENT",,
"STATE ST HUGHES",,"STATE ST HUGHES",,
"STATE ST HAWKES",,"STATE ST HAWKES",,
"LILAC LN",,"LILAC","LN",
"GARDEN WAY",,"GARDEN","WAY",
"BOLLING DR",,"BOLLING","DR",
"MITCHELL ST",,"MITCHELL","ST",
"DAVIS RD CARPENTRY",,"DAVIS RD CARPENTRY",,
"DAVIS RD",,"DAVIS","RD",
"RANGELEY PLACE",,"RANGELEY PLACE",,
"DIRIGO DR",,"DIRIGO","DR",
"MOOSEHEAD BLVD",,"MOOSEHEAD","BLVD",
"ACADIA PLACE",,"ACADIA PLACE",,
"DIRIGO DIRVE",,"DIRIGO DIRVE",,
"MOUNT DESERT DR",,"MOUNT DESERT","DR",
"RANGELEY",,"RANGELEY",,
"FINSON RD",,"FINSON","RD",
"BALD MOUNTAIN DR",,"BALD MOUNTAIN","DR",
"BLUE HL E",,"BLUE","HL","E"
"DEER ISLE RD",,"DEER ISLE","RD",
"FORT KNOX AVE",,"FORT KNOX","AVE",
"FORT KNOX",,"FORT KNOX",,
"MOOSEHEAD BLDV",,"MOOSEHEAD BLDV",,
"KENNEBEC PLACE",,"KENNEBEC PLACE",,
"DOWNE CIR",,"DOWNE","CIR",
"BIRCH CIR",,"BIRCH","CIR",
"KENNEBEC PL",,"KENNEBEC","PL",
"DOE DR",,"DOE","DR",
"DANA DR",,"DANA","DR",
"SUNNY HOLLOW PL",,"SUNNY HOLLOW","PL",
"SUNNY HOLLOW DR",,"SUNNY HOLLOW","DR",
"FAWN CT",,"FAWN","CT",
"YANKEE AVE",,"YANKEE","AVE",
"BIRCHWOOD AVE",,"BIRCHWOOD","AVE",
"WELLESLEY WAY",,"WELLESLEY","WAY",
"SUGARLOAF LN",,"SUGARLOAF","LN",
"OLD ORCHARD DR",,"OLD ORCHARD","DR",
"COLLEGE AVE",,"COLLEGE","AVE",
"ODLIN RD RIGHT SIDE",,"ODLIN RD RIGHT SIDE",,
"BOULDER DR",,"BOULDER","DR",
"EDGEWOOD DR",,"EDGEWOOD","DR",
"ALLEN RD",,"ALLEN","RD",
"STATE ST TWIN CITY",,"STATE ST TWIN CITY",,
"ASPEN WAY",,"ASPEN","WAY",
"NOTTINGHAM WAY",,"NOTTINGHAM","WAY",
"PKWY",,,"PKWY",
"BENNOCH RD",,"BENNOCH","RD",
"SOUTH MAIN ST",,"SOUTH MAIN","ST",
"STARLIGHT DR",,"STARLIGHT","DR",
"DOWNE TERRACES",,"DOWNE TERRACES",,
"BRUNSWICK ST",,"BRUNSWICK","ST",
"WILSON ST",,"WILSON","ST",
"CHAMBERLAIN ST",,"CHAMBERLAIN","ST",
"A NORFOLK ST",,"A NORFOLK","ST",
"SOUTH ST",,"SOUTH","ST",
"BIA TELFORD AVIATION",,"BIA TELFORD AVIATION",,
"BIA LIFEFLIGHT",,"BIA LIFEFLIGHT",,
"FLORIDA AVEFREE TRADE ZN",,"FLORIDA AVEFREE TRADE ZN",,
"GILMAN FALLS AVE",,"GILMAN FALLS","AVE",
"MIDDLE ST",,"MIDDLE","ST",
"N MAIN ST","N","MAIN","ST",
"ODLIN ROADSUNQUIP PLANT",,"ODLIN ROADSUNQUIP PLANT",,
"TH ST DUPLICATE",,"TH ST DUPLICATE",,
"SOUTH MAIN",,"SOUTH MAIN",,
"MILL ST W",,"MILL","ST","W"
"BRIMMER ST",,"BRIMMER","ST",
"HOLYOKE ST",,"HOLYOKE","ST",
"VEAZIE ST",,"VEAZIE","ST",
"PROSPECT ST",,"PROSPECT","ST",
"CHAPMAN ST",,"CHAPMAN","ST",
"PAGE PL",,"PAGE","PL",
"OAK GROVE DR",,"OAK GROVE","DR",
"ABBOTT ST",,"ABBOTT","ST",
"HILLSIDE RD",,"HILLSIDE","RD",
"A",,"A",,
"GOLDSMITH LN",,"GOLDSMITH","LN",
"HARRIS ST",,"HARRIS","ST",
"CAMDEN DR",,"CAMDEN","DR",
"MARIETTA DR",,"MARIETTA","DR",
"SILK ST",,"SILK","ST",
"ORONO",,"ORONO",,
"BUILDING",,"BUILDING",,
"DELETE",,"DELETE",,
"AVENUE MAINT",,"AVENUE MAINT",,
"CAMPUS RDLIBBY HALL",,"CAMPUS RDLIBBY HALL",,
"GREENWOOD DR",,"GREENWOOD","DR",
"MYRTLE ST",,"MYRTLE","ST",
"FENTON WAY",,"FENTON","WAY",
"HILLCREST DR",,"HILLCREST","DR",
"MILL ST",,"MILL","ST",
"SUMMIT RD",,"SUMMIT","RD",
"AIRPORT RD",,"AIRPORT","RD",
"KIDDER POINT RD",,"KIDDER POINT","RD",
"WINTER ST",,"WINTER","ST",
"RIDGEVIEW DR",,"RIDGEVIEW","DR",
"CANTERBURY RD",,"CANTERBURY","RD",
"RIVER RD",,"RIVER","RD",
"CHARLES ST BACK",,"CHARLES ST BACK",,
"BUCK HILL DR",,"BUCK HILL","DR",
"MAIN ST STE A",,"MAIN ST STE A",,
"S BREWER DR","S","BREWER","DR",
"FRUIT ST CONCESSIONS",,"FRUIT ST CONCESSIONS",,
"NOYES DR",,"NOYES","DR",
"WINTERHAVEN DR",,"WINTERHAVEN","DR",
"CROMWELL DR",,"CROMWELL","DR",
"COLLEGE HEIGHTS",,"COLLEGE HEIGHTS",,
"MAINEWOOD AVE",,"MAINEWOOD","AVE",
"EERN AVE",,"EERN","AVE",
"CHAMBERS CT",,"CHAMBERS","CT",
"DEER PARK DR",,"DEER PARK","DR",
"SARGENT DR",,"SARGENT","DR",
"TAYLOR ST",,"TAYLOR","ST",
"GETCHELL ST",,"GETCHELL","ST",
"PARKWAY SOUTH",,"PARKWAY SOUTH",,
"FLEMING ST",,"FLEMING","ST",
"HILLSIDE DR",,"HILLSIDE","DR",
"CAPRI ST",,"CAPRI","ST",
"PENDLETON ST",,"PENDLETON","ST",
"RIDER RD",,"RIDER","RD",
"BIRCHWOOD BLVD",,"BIRCHWOOD","BLVD",
"LEE RD",,"LEE","RD",
"CHASE RD",,"CHASE","RD",
"HIGHLAND ST",,"HIGHLAND","ST",
"WWOOD DR",,"WWOOD","DR",
"CLARK ST",,"CLARK","ST",
"FERNWOOD ST",,"FERNWOOD","ST",
"PIERCE RD",,"PIERCE","RD",
"BENNETT RD",,"BENNETT","RD",
"BAKER BLVD",,"BAKER","BLVD",
"PARK AVE W",,"PARK","AVE","W"
"COUNTRY WAY",,"COUNTRY","WAY",
"GLIDDEN LN",,"GLIDDEN","LN",
"CANTERBURY",,"CANTERBURY",,
"ROBINHOOD DR",,"ROBINHOOD","DR",
"STEVENS RD",,"STEVENS","RD",
"KINGS CT",,"KINGS","CT",
"LOCKSLEY LN",,"LOCKSLEY","LN",
"GREENWOOD AVE",,"GREENWOOD","AVE",
"SUNSET STRIP",,"SUNSET STRIP",,
"LYNN AVE",,"LYNN","AVE",
"PARKWAY ST S",,"PARKWAY","ST","S"
"HARDY ST",,"HARDY","ST",
"BLAKE ST",,"BLAKE","ST",
"SOUTH BREWER DR",,"SOUTH BREWER","DR",
"MAID MARION LN",,"MAID MARION","LN",
"BAKER BLVD METER",,"BAKER BLVD METER",,
"ROTHERDALE RD",,"ROTHERDALE","RD",
"PARK AVE E",,"PARK","AVE","E"
"ALANADALE RD",,"ALANADALE","RD",
"VISTA WAY",,"VISTA","WAY",
"WALTON DR",,"WALTON","DR",
"EVERGREEN RDG",,"EVERGREEN","RDG",
"ABBOTT ST  METE",,"ABBOTT ST  METE",,
"LITTLEFIELD WAY",,"LITTLEFIELD","WAY",
"ROBERTSON BLVD",,"ROBERTSON","BLVD",
"COFFIN AVE",,"COFFIN","AVE",
"ROBERTSON BLDV",,"ROBERTSON BLDV",,
"SCHILLING DR",,"SCHILLING","DR",
"WILSON ST A",,"WILSON ST A",,
"ELMWOOD ST",,"ELMWOOD","ST",
"KNOLLWOOD DR",,"KNOLLWOOD","DR",
"WILSON ST B",,"WILSON ST B",,
"ACME RD",,"ACME","RD",
"CHAMBERS ST",,"CHAMBERS","ST",
"CLISHAM RD",,"CLISHAM","RD",
"ATLANTIC AVE",,"ATLANTIC","AVE",
"AYERS CT",,"AYERS","CT",
"FLING ST",,"FLING","ST",
"PATTEN CT",,"PATTEN","CT",
"CIANBRO SQ",,"CIANBRO","SQ",
"DOUGHTY DR",,"DOUGHTY","DR",
"INDUSTRIAL PLAZA DR",,"INDUSTRIAL PLAZA","DR",
"CLISHAM ST",,"CLISHAM","ST",
"ELMWOOD DR",,"ELMWOOD","DR",
"SCHOOL SREET",,"SCHOOL SREET",,
"PARKWAY SOUTH LOAD DOCK",,"PARKWAY SOUTH LOAD DOCK",,
"STEVEN",,"STEVEN",,
"KING",,"KING",,
"CALVIN CT",,"CALVIN","CT",
"FRIAR TUCK LN",,"FRIAR TUCK","LN",
"ROBIN HOOD DR",,"ROBIN HOOD","DR",
"BURR ST",,"BURR","ST",
"ALAN A DALE RD",,"ALAN A DALE","RD",
"DOYLE CT",,"DOYLE","CT",
"LORRAINE AVE",,"LORRAINE","AVE",
"CHAMBERS CT HOT",,"CHAMBERS CT HOT",,
"CROSS ST",,"CROSS","ST",
"DERUSHA LN",,"DERUSHA","LN",
"TIBBETTS ST",,"TIBBETTS","ST",
"MCKINNON DR",,"MCKINNON","DR",
"CUTLER PLACE",,"CUTLER PLACE",,
"CHURCH ST",,"CHURCH","ST",
"CTR",,,"CTR",
"SOMERSET AVE",,"SOMERSET","AVE",
"COLONIAL CIR",,"COLONIAL","CIR",
"PENOBSCOT SQ",,"PENOBSCOT","SQ",
"BEACON ST",,"BEACON","ST",
"BETTON ST",,"BETTON","ST",
"FAMILY CENTER LN",,"FAMILY CENTER","LN",
"SOMERSET PLACE",,"SOMERSET PLACE",,
"WILSON",,"WILSON",,
"CENTER STEET",,"CENTER STEET",,
"MULLEN WAY D",,"MULLEN WAY D",,
"E A","E","A",,
"GOODRIDGE LN",,"GOODRIDGE","LN",
"LONGMEADOW DR",,"LONGMEADOW","DR",
"MADISON AVE",,"MADISON","AVE",
"CRESCENT ST",,"CRESCENT","ST",
"BROADLAWN DR",,"BROADLAWN","DR",
"FLOYD ST",,"FLOYD","ST",
"RIVERVIEW TER",,"RIVERVIEW","TER",
"WILLOW WAY",,"WILLOW","WAY",
"CLOVER LN",,"CLOVER","LN",
"GILMORE ST",,"GILMORE","ST",
"B WASHINGTON ST",,"B WASHINGTON","ST",
"N C N MAIN ST","N","C N MAIN","ST",
"N B N MAIN ST","N","B N MAIN","ST",
"N A N MAIN ST","N","A N MAIN","ST",
"GENIE DR",,"GENIE","DR",
"BROADLAWN",,"BROADLAWN",,
"ALLEN",,"ALLEN",,
"RUSSETT ST",,"RUSSETT","ST",
"RD",,,"RD",
"BAYBERRY DR",,"BAYBERRY","DR",
"HANOVER PLACE",,"HANOVER PLACE",,
"LYFORD DR",,"LYFORD","DR",
"RINFRET DR",,"RINFRET","DR",
"HICKORY CT",,"HICKORY","CT",
"SOUTH RD",,"SOUTH","RD",
"BAYBERRY RD",,"BAYBERRY","RD",
"HICKERY CT",,"HICKERY","CT",
"ALLISON PARK",,"ALLISON","PARK",
"WHITNEY CT",,"WHITNEY","CT",
"AUTUMN LN",,"AUTUMN","LN",
"PENOBSCOT AVE",,"PENOBSCOT","AVE",
"GODING DR",,"GODING","DR",
"PARK AVE",,"PARK","AVE",
"MATTANAWCOOK ST",,"MATTANAWCOOK","ST",
"REED DR",,"REED","DR",
"ENFIELD RD",,"ENFIELD","RD",
"TRANSALPINE RD",,"TRANSALPINE","RD",
"EDWARDS ST",,"EDWARDS","ST",
"MAPLEWOOD LN",,"MAPLEWOOD","LN",
"LIBBY ST",,"LIBBY","ST",
"B W BROADWAY",,"B W BROADWAY",,
"HUDSON WAY",,"HUDSON","WAY",
"MUNSON RD",,"MUNSON","RD",
"EMPIRE DR",,"EMPIRE","DR",
"EMPIRE DR COMM",,"EMPIRE DR COMM",,
"CAMEO DR",,"CAMEO","DR",
"BRAEBURN DR",,"BRAEBURN","DR",
"ORCHARD TRAILS DR",,"ORCHARD TRAILS","DR",
"CROSS DR",,"CROSS","DR",
"TAMARACK RDG",,"TAMARACK","RDG",
"ASTER LN",,"ASTER","LN",
"LUPIN WAY",,"LUPIN","WAY",
"PORTAGE ROAD MAIN",,"PORTAGE ROAD MAIN",,
"PORTAGE RD ARS GRN",,"PORTAGE RD ARS","GRN",
"PORTAGE RDENTOMOLOGY",,"PORTAGE RDENTOMOLOGY",,
"FELLOWS PLACE",,"FELLOWS PLACE",,
"FERNALD RD",,"FERNALD","RD",
"WEBSTER RD",,"WEBSTER","RD",
"MACMILLAN DR",,"MACMILLAN","DR",
"HARRIS RD",,"HARRIS","RD",
"CAMPUS RDSERV",,"CAMPUS RDSERV",,
"CAMPUS RD DOME",,"CAMPUS RD DOME",,
"RANGELEY RD PICS",,"RANGELEY RD PICS",,
"ANNEX WAY",,"ANNEX","WAY",
"SQUARE RD",,"SQUARE","RD",
"RANGELEY RD",,"RANGELEY","RD",
"GANNETT RD",,"GANNETT","RD",
"LONG RD",,"LONG","RD",
"C COLLEGE AVE",,"C COLLEGE","AVE",
"H COLLEGE AVE",,"H COLLEGE","AVE",
"SOCCER FIELD WAY",,"SOCCER FIELD","WAY",
"LONG RD AIR HANDLER",,"LONG RD AIR HANDLER",,
"LONG RD S",,"LONG","RD","S"
"PORTAGE RD",,"PORTAGE","RD",
"TUNK RD TEMPORARY METER",,"TUNK RD TEMPORARY METER",,
"MAYO ST",,"MAYO","ST",
"N MAIN AVE","N","MAIN","AVE",
"HAMLIN ST",,"HAMLIN","ST",
"CROSBY ST",,"CROSBY","ST",
"HILLSIDE ST",,"HILLSIDE","ST",
"THOMPSON RD",,"THOMPSON","RD",
"MAIN ST METER",,"MAIN ST METER",,
"ARBOR DR",,"ARBOR","DR",
"PETERS ST",,"PETERS","ST",
"MILL STREET MAIN",,"MILL STREET MAIN",,
"PIERCE ST",,"PIERCE","ST",
"SHERMAN DR",,"SHERMAN","DR",
"MERRICK ST",,"MERRICK","ST",
"MARGIN ST",,"MARGIN","ST",
"GARDNER RD",,"GARDNER","RD",
"DOOLIN DR",,"DOOLIN","DR",
"SUNSET DR",,"SUNSET","DR",
"WEDGEWOOD DR",,"WEDGEWOOD","DR",
"DAVIS DR",,"DAVIS","DR",
"KILLARNEY CT",,"KILLARNEY","CT",
"E SUNSET DR","E","SUNSET","DR",
"OAK GROVE ST",,"OAK GROVE","ST",
"KILARNEY CT",,"KILARNEY","CT",
"OLIVE ST",,"OLIVE","ST",
"FLAGG ST",,"FLAGG","ST",
"HIGHVIEW TER",,"HIGHVIEW","TER",
"DONEGAL DR",,"DONEGAL","DR",
"SILVER RDG",,"SILVER","RDG",
"SILVER RIDGE RD",,"SILVER RIDGE","RD",
"JACKSON DR",,"JACKSON","DR",
"RIDGEVIEW LN",,"RIDGEVIEW","LN",
"BIRCHWOOD DR",,"BIRCHWOOD","DR",
"PROUTY DR",,"PROUTY","DR",
"CHICKADEE DR",,"CHICKADEE","DR",
"ROCK ST",,"ROCK","ST",
"SCHOOL ST  A",,"SCHOOL ST  A",,
"SCHOOL ST  B",,"SCHOOL ST  B",,
"CANAL ST",,"CANAL","ST",
"BROOKSIDE TER",,"BROOKSIDE","TER",
"MT VIEW DR",,"MT VIEW","DR",
"BLACK BEAR DR",,"BLACK BEAR","DR",
"HOBSON AVE",,"HOBSON","AVE",
"OLD KELLEY AVE",,"OLD KELLEY","AVE",
"GALWAY DR",,"GALWAY","DR",
"WOOD LN",,"WOOD","LN",
"UNIVERSITY PARK RD",,"UNIVERSITY PARK","RD",
"UNIVERSITY PL",,"UNIVERSITY","PL",
"HAWTHORN CT",,"HAWTHORN","CT",
"ALPINE CT",,"ALPINE","CT",
"UNIVERSITY PLACE",,"UNIVERSITY PLACE",,
"LONGWOOD CT",,"LONGWOOD","CT",
"LINDEN CT",,"LINDEN","CT",
"PAGE PLACE",,"PAGE PLACE",,
"B COLLEGE AVE",,"B COLLEGE","AVE",
"ALUMNI DR",,"ALUMNI","DR",
"A COLLEGE AVE",,"A COLLEGE","AVE",
"COLLEGE AVE GRN",,"COLLEGE AVE","GRN",
"SPENCER ST",,"SPENCER","ST",
"POPLAR DR",,"POPLAR","DR",
"CHAPEL RD",,"CHAPEL","RD",
"MAIN STREET  BASEMENT",,"MAIN STREET  BASEMENT",,
"SPEARIN DR",,"SPEARIN","DR",
"OLD MEADOW LN",,"OLD MEADOW","LN",
"GODFREY DR",,"GODFREY","DR",
"RIVERDALE",,"RIVERDALE",,
"CHESTNUT CT",,"CHESTNUT","CT",
"GOODRIDGE DR",,"GOODRIDGE","DR",
"LEDGEHILL RD",,"LEDGEHILL","RD",
"MAPLEWOOD AVE",,"MAPLEWOOD","AVE",
"OLD MILL RD",,"OLD MILL","RD",
"RIVERDALE RD",,"RIVERDALE","RD",
"UNIVERSITY PARK E",,"UNIVERSITY","PARK","E"
"UNIVERSITY PARK W",,"UNIVERSITY","PARK","W"
"CENTRE DR",,"CENTRE","DR",
"RIVERDALE DR",,"RIVERDALE","DR",
"KELL ST",,"KELL","ST",
"FROST LN",,"FROST","LN",
"LEXINGTON RD",,"LEXINGTON","RD",
"MOUNTAINVIEW DR",,"MOUNTAINVIEW","DR",
"BRIARWOOD CIR",,"BRIARWOOD","CIR",
"GLENWOOD ST",,"GLENWOOD","ST",
"COLLEGE HTS",,"COLLEGE","HTS",
"SUNRISE TER",,"SUNRISE","TER",
"ERIN PL",,"ERIN","PL",
"GILBERT ST",,"GILBERT","ST",
"PINEWOOD ST",,"PINEWOOD","ST",
"WITTER FARM RD",,"WITTER FARM","RD",
"GILMAN FLS",,"GILMAN","FLS",
"GILLMAN FALLS AVE",,"GILLMAN FALLS","AVE",
"LEONARD LN",,"LEONARD","LN",
"DAVIS ST",,"DAVIS","ST",
"BACHELDER RD",,"BACHELDER","RD",
"ANDERSON LN",,"ANDERSON","LN",
"SEWALL DR",,"SEWALL","DR",
"NORTH",,"N",,
"B GILMAN FALLS AVE",,"B GILMAN FALLS","AVE",
"HOWLAND ST",,"HOWLAND","ST",
"GILMAN FALLS RD",,"GILMAN FALLS","RD",
"STILL AVEPARSONAGE",,"STILL AVEPARSONAGE",,
"BACHELDER DR",,"BACHELDER","DR",
"HOWLAND LN",,"HOWLAND","LN",
"RAY GIBOULEAU DR",,"RAY GIBOULEAU","DR",
"FORESTRY DR",,"FORESTRY","DR",
"PRENTISS ST",,"PRENTISS","ST",
"WILLOW ST",,"WILLOW","ST",
"HILLARD ST",,"HILLARD","ST",
"HILLIARD ST",,"HILLIARD","ST",
"PERKINS AVE",,"PERKINS","AVE",
"OLD TOWN",,"OLD TOWN",,
"MARSHALL ST",,"MARSHALL","ST",
"MAIN STREET MAINT",,"MAIN STREET MAINT",,
"DRUILLETTE ST",,"DRUILLETTE","ST",
"BRADBURY ST",,"BRADBURY","ST",
"BOWDOIN AVE",,"BOWDOIN","AVE",
"MADDEN CT",,"MADDEN","CT",
"JAMISON ST",,"JAMISON","ST",
"EATON ST",,"EATON","ST",
"COOPER ST",,"COOPER","ST",
"JAMESON ST",,"JAMESON","ST",
"CHAMPLAIN ST",,"CHAMPLAIN","ST",
"BURNHAM ST",,"BURNHAM","ST",
"LLOYD LN",,"LLOYD","LN",
"SAWYER ST",,"SAWYER","ST",
"PRIDE ST",,"PRIDE","ST",
"HAMEL LN",,"HAMEL","LN",
"HARDING ST",,"HARDING","ST",
"KING ST",,"KING","ST",
"PORTLAND ST",,"PORTLAND","ST",
"C GILMAN FALLS AVE",,"C GILMAN FALLS","AVE",
"COLLEGE AVESTEAM PLANT",,"COLLEGE AVESTEAM PLANT",,
"COLLEGE CIRCLE GYM NEWMAN GYM",,"COLLEGE CIRCLE GYM NEWMAN GYM",,
"COLLEGE CIRCLEMEETING MEETING HO",,"COLLEGE CIRCLEMEETING MEETING HO",,
"STATE ST BOILER",,"STATE ST BOILER",,
"ODLIN ROADPLANT",,"ODLIN ROADPLANT",,
"COLLEGE CIRCLENESCOM NESCOM",,"COLLEGE CIRCLENESCOM NESCOM",,
"WHITING HILL RD",,"WHITING HILL","RD",
"KATAHDIN AVE",,"KATAHDIN","AVE",
"COLLEGE CIRCLE HART HALL",,"COLLEGE CIRCLE HART HALL",,
"COLLEGE CIRCLEPEABODY PEABODY",,"COLLEGE CIRCLEPEABODY PEABODY",,
"COLLEGE CIRCLECOMMONS",,"COLLEGE CIRCLECOMMONS",,
"BUCKSPORT",,"BUCKSPORT",,
"JOHNSON ST",,"JOHNSON","ST",
"MAINE",,"MAINE",,
"EMERSON MILL RD",,"EMERSON MILL","RD",
"TRAILER",,,,
